,날짜,요일,홈,방문,구장,관중수
0,2017/03/31,금,두산,한화,잠실,21121
1,2017/03/31,금,삼성,KIA,대구,13505
2,2017/03/31,금,SK,KT,문학,13649
3,2017/03/31,금,넥센,LG,고척,8013
4,2017/03/31,금,NC,롯데,마산,11000
5,2017/04/01,토,두산,한화,잠실,20636
6,2017/04/01,토,삼성,KIA,대구,10062
7,2017/04/01,토,SK,KT,문학,11291
8,2017/04/01,토,넥센,LG,고척,8889
9,2017/04/01,토,NC,롯데,마산,9596
10,2017/04/02,일,두산,한화,잠실,22457
11,2017/04/02,일,삼성,KIA,대구,14406
12,2017/04/02,일,SK,KT,문학,10186
13,2017/04/02,일,넥센,LG,고척,9130
14,2017/04/02,일,NC,롯데,마산,11000
15,2017/04/04,화,한화,NC,대전,10597
16,2017/04/04,화,KT,두산,수원,15804
17,2017/04/04,화,KIA,SK,광주,18069
18,2017/04/04,화,LG,삼성,잠실,16411
19,2017/04/04,화,롯데,넥센,사직,24954
20,2017/04/06,목,한화,NC,대전,6150
21,2017/04/06,목,KT,두산,수원,4426
22,2017/04/06,목,KIA,SK,광주,4211
23,2017/04/06,목,LG,삼성,잠실,12166
24,2017/04/06,목,롯데,넥센,사직,3864
25,2017/04/07,금,KIA,한화,광주,8296
26,2017/04/07,금,롯데,LG,사직,11191
27,2017/04/07,금,SK,NC,문학,3492
28,2017/04/07,금,KT,삼성,수원,5147
29,2017/04/07,금,두산,넥센,잠실,10027
30,2017/04/08,토,KIA,한화,광주,19853
31,2017/04/08,토,롯데,LG,사직,22607
32,2017/04/08,토,SK,NC,문학,9279
33,2017/04/08,토,KT,삼성,수원,11031
34,2017/04/08,토,두산,넥센,잠실,15278
35,2017/04/09,일,KIA,한화,광주,16614
36,2017/04/09,일,롯데,LG,사직,20022
37,2017/04/09,일,SK,NC,문학,10057
38,2017/04/09,일,KT,삼성,수원,13174
39,2017/04/09,일,두산,넥센,잠실,13177
40,2017/04/11,화,삼성,한화,대구,5752
41,2017/04/11,화,두산,KIA,잠실,14895
42,2017/04/11,화,넥센,KT,고척,2535
43,2017/04/11,화,NC,LG,마산,4582
44,2017/04/11,화,SK,롯데,문학,6745
45,2017/04/12,수,삼성,한화,대구,6060
46,2017/04/12,수,두산,KIA,잠실,13649
47,2017/04/12,수,넥센,KT,고척,3569
48,2017/04/12,수,NC,LG,마산,4719
49,2017/04/12,수,SK,롯데,문학,6183
50,2017/04/13,목,삼성,한화,대구,5446
51,2017/04/13,목,두산,KIA,잠실,16213
52,2017/04/13,목,넥센,KT,고척,3802
53,2017/04/13,목,NC,LG,마산,5134
54,2017/04/13,목,SK,롯데,문학,5911
55,2017/04/14,금,LG,KT,잠실,9710
56,2017/04/14,금,NC,두산,마산,4576
57,2017/04/14,금,한화,SK,대전,6657
58,2017/04/14,금,롯데,삼성,사직,12459
59,2017/04/14,금,KIA,넥센,광주,8098
60,2017/04/15,토,LG,KT,잠실,17337
61,2017/04/15,토,NC,두산,마산,7231
62,2017/04/15,토,한화,SK,대전,13000
63,2017/04/15,토,롯데,삼성,사직,23997
64,2017/04/15,토,KIA,넥센,광주,16811
65,2017/04/16,일,LG,KT,잠실,15224
66,2017/04/16,일,NC,두산,마산,7069
67,2017/04/16,일,한화,SK,대전,11090
68,2017/04/16,일,롯데,삼성,사직,20841
69,2017/04/16,일,KIA,넥센,광주,13578
70,2017/04/18,화,KT,KIA,수원,6545
71,2017/04/18,화,한화,LG,대전,5080
72,2017/04/18,화,롯데,NC,사직,12252
73,2017/04/18,화,두산,삼성,잠실,6391
74,2017/04/18,화,SK,넥센,문학,3244
75,2017/04/19,수,KT,KIA,수원,10493
76,2017/04/19,수,한화,LG,대전,7213
77,2017/04/19,수,롯데,NC,사직,10060
78,2017/04/19,수,두산,삼성,잠실,8062
79,2017/04/19,수,SK,넥센,문학,4817
80,2017/04/20,목,KT,KIA,수원,9222
81,2017/04/20,목,한화,LG,대전,5572
82,2017/04/20,목,롯데,NC,사직,8148
83,2017/04/20,목,두산,삼성,잠실,8509
84,2017/04/20,목,SK,넥센,문학,4025
85,2017/04/21,금,KT,한화,수원,10193
86,2017/04/21,금,LG,KIA,잠실,23263
87,2017/04/21,금,넥센,롯데,고척,5655
88,2017/04/21,금,삼성,NC,대구,6951
89,2017/04/21,금,SK,두산,문학,10071
90,2017/04/22,토,KT,한화,수원,18507
91,2017/04/22,토,LG,KIA,잠실,25000
92,2017/04/22,토,넥센,롯데,고척,12276
93,2017/04/22,토,삼성,NC,대구,12077
94,2017/04/22,토,SK,두산,문학,22848
95,2017/04/23,일,KT,한화,수원,17636
96,2017/04/23,일,LG,KIA,잠실,25000
97,2017/04/23,일,넥센,롯데,고척,11407
98,2017/04/23,일,삼성,NC,대구,11153
99,2017/04/23,일,SK,두산,문학,22501
100,2017/04/25,화,롯데,한화,사직,9595
101,2017/04/25,화,NC,KT,마산,4216
102,2017/04/25,화,넥센,두산,고척,6411
103,2017/04/25,화,LG,SK,잠실,10004
104,2017/04/25,화,KIA,삼성,광주,8048
105,2017/04/26,수,롯데,한화,사직,12203
106,2017/04/26,수,NC,KT,마산,5184
107,2017/04/26,수,넥센,두산,고척,6876
108,2017/04/26,수,LG,SK,잠실,10730
109,2017/04/26,수,KIA,삼성,광주,11214
110,2017/04/27,목,롯데,한화,사직,14823
111,2017/04/27,목,NC,KT,마산,5591
112,2017/04/27,목,넥센,두산,고척,8402
113,2017/04/27,목,LG,SK,잠실,11111
114,2017/04/27,목,KIA,삼성,광주,12075
115,2017/04/28,금,KT,LG,수원,8251
116,2017/04/28,금,두산,롯데,잠실,22131
117,2017/04/28,금,KIA,NC,광주,15088
118,2017/04/28,금,삼성,SK,대구,8015
119,2017/04/28,금,한화,넥센,대전,8639
120,2017/04/29,토,KT,LG,수원,17105
121,2017/04/29,토,두산,롯데,잠실,25000
122,2017/04/29,토,KIA,NC,광주,20500
123,2017/04/29,토,삼성,SK,대구,12011
124,2017/04/29,토,한화,넥센,대전,13000
125,2017/04/30,일,KT,LG,수원,16331
126,2017/04/30,일,두산,롯데,잠실,25000
127,2017/04/30,일,KIA,NC,광주,20500
128,2017/04/30,일,삼성,SK,대구,11254
129,2017/04/30,일,한화,넥센,대전,11286
130,2017/05/02,화,SK,한화,문학,19045
131,2017/05/02,화,넥센,KIA,고척,14223
132,2017/05/02,화,KT,롯데,수원,8503
133,2017/05/02,화,LG,NC,잠실,14887
134,2017/05/02,화,삼성,두산,대구,9384
135,2017/05/03,수,SK,한화,문학,25000
136,2017/05/03,수,넥센,KIA,고척,17000
137,2017/05/03,수,KT,롯데,수원,16078
138,2017/05/03,수,LG,NC,잠실,20180
139,2017/05/03,수,삼성,두산,대구,14812
140,2017/05/04,목,SK,한화,문학,23069
141,2017/05/04,목,넥센,KIA,고척,17000
142,2017/05/04,목,KT,롯데,수원,13074
143,2017/05/04,목,LG,NC,잠실,18843
144,2017/05/04,목,삼성,두산,대구,12837
145,2017/05/05,금,롯데,KIA,사직,26600
146,2017/05/05,금,한화,KT,대전,13000
147,2017/05/05,금,두산,LG,잠실,25000
148,2017/05/05,금,넥센,SK,고척,11003
149,2017/05/05,금,NC,삼성,마산,11000
150,2017/05/06,토,롯데,KIA,사직,26600
151,2017/05/06,토,한화,KT,대전,13000
152,2017/05/06,토,두산,LG,잠실,21920
153,2017/05/06,토,넥센,SK,고척,9332
154,2017/05/06,토,NC,삼성,마산,11000
155,2017/05/07,일,롯데,KIA,사직,17703
156,2017/05/07,일,한화,KT,대전,9399
157,2017/05/07,일,두산,LG,잠실,21273
158,2017/05/07,일,넥센,SK,고척,7134
159,2017/05/07,일,NC,삼성,마산,8013
160,2017/05/09,화,KIA,KT,광주,10503
161,2017/05/10,수,KIA,KT,광주,8760
162,2017/05/10,수,삼성,LG,대구,6451
163,2017/05/10,수,한화,롯데,대전,6408
164,2017/05/10,수,두산,SK,잠실,7516
165,2017/05/10,수,NC,넥센,마산,4482
166,2017/05/11,목,KIA,KT,광주,11515
167,2017/05/11,목,삼성,LG,대구,7263
168,2017/05/11,목,한화,롯데,대전,8751
169,2017/05/11,목,두산,SK,잠실,8531
170,2017/05/11,목,NC,넥센,마산,5059
171,2017/05/12,금,LG,한화,잠실,20357
172,2017/05/12,금,SK,KIA,문학,20568
173,2017/05/12,금,KT,NC,수원,4876
174,2017/05/12,금,삼성,넥센,대구,5366
175,2017/05/13,토,LG,한화,잠실,22063
176,2017/05/13,토,SK,KIA,문학,23665
177,2017/05/13,토,KT,NC,수원,8471
178,2017/05/13,토,롯데,두산,사직,22806
179,2017/05/13,토,삼성,넥센,대구,11024
180,2017/05/14,일,LG,한화,잠실,24223
181,2017/05/14,일,SK,KIA,문학,25000
182,2017/05/14,일,KT,NC,수원,9085
183,2017/05/14,일,롯데,두산,사직,14955
184,2017/05/14,일,삼성,넥센,대구,8233
185,2017/05/16,화,넥센,한화,고척,10660
186,2017/05/16,화,롯데,KT,사직,10286
187,2017/05/16,화,KIA,LG,광주,11107
188,2017/05/16,화,두산,NC,잠실,9078
189,2017/05/16,화,SK,삼성,문학,5861
190,2017/05/17,수,넥센,한화,고척,10811
191,2017/05/17,수,롯데,KT,사직,8165
192,2017/05/17,수,KIA,LG,광주,11819
193,2017/05/17,수,두산,NC,잠실,9290
194,2017/05/17,수,SK,삼성,문학,6305
195,2017/05/18,목,넥센,한화,고척,11745
196,2017/05/18,목,롯데,KT,사직,9583
197,2017/05/18,목,KIA,LG,광주,13279
198,2017/05/18,목,두산,NC,잠실,10104
199,2017/05/18,목,SK,삼성,문학,7133
200,2017/05/19,금,LG,롯데,잠실,19653
201,2017/05/19,금,KIA,두산,광주,17037
202,2017/05/19,금,NC,SK,마산,7411
203,2017/05/19,금,한화,삼성,대전,10285
204,2017/05/19,금,KT,넥센,수원,5448
205,2017/05/20,토,LG,롯데,잠실,23898
206,2017/05/20,토,KIA,두산,광주,20500
207,2017/05/20,토,NC,SK,마산,9386
208,2017/05/20,토,한화,삼성,대전,13000
209,2017/05/20,토,KT,넥센,수원,10831
210,2017/05/21,일,LG,롯데,잠실,22054
211,2017/05/21,일,KIA,두산,광주,20500
212,2017/05/21,일,NC,SK,마산,8694
213,2017/05/21,일,한화,삼성,대전,13000
214,2017/05/21,일,KT,넥센,수원,12125
215,2017/05/23,화,한화,KIA,대전,6858
216,2017/05/23,화,삼성,KT,대구,5954
217,2017/05/23,화,넥센,NC,고척,5021
218,2017/05/23,화,롯데,SK,사직,7123
219,2017/05/24,수,한화,KIA,대전,8296
220,2017/05/24,수,삼성,KT,대구,5896
221,2017/05/24,수,넥센,NC,고척,4326
222,2017/05/24,수,LG,두산,잠실,20334
223,2017/05/24,수,롯데,SK,사직,7684
224,2017/05/25,목,한화,KIA,대전,8001
225,2017/05/25,목,삼성,KT,대구,8912
226,2017/05/25,목,넥센,NC,고척,4626
227,2017/05/25,목,LG,두산,잠실,20442
228,2017/05/25,목,롯데,SK,사직,10437
229,2017/05/26,금,NC,한화,마산,8026
230,2017/05/26,금,두산,KT,잠실,12763
231,2017/05/26,금,SK,LG,문학,14027
232,2017/05/26,금,KIA,롯데,광주,17363
233,2017/05/26,금,넥센,삼성,고척,6074
234,2017/05/27,토,NC,한화,마산,10177
235,2017/05/27,토,두산,KT,잠실,20177
236,2017/05/27,토,SK,LG,문학,23026
237,2017/05/27,토,KIA,롯데,광주,20500
238,2017/05/27,토,넥센,삼성,고척,13293
239,2017/05/28,일,NC,한화,마산,7435
240,2017/05/28,일,두산,KT,잠실,15159
241,2017/05/28,일,SK,LG,문학,20225
242,2017/05/28,일,KIA,롯데,광주,17099
243,2017/05/28,일,넥센,삼성,고척,9891
244,2017/05/30,화,NC,KIA,마산,6049
245,2017/05/30,화,삼성,롯데,대구,8206
246,2017/05/30,화,한화,두산,대전,5477
247,2017/05/30,화,KT,SK,수원,4226
248,2017/05/30,화,LG,넥센,잠실,9520
249,2017/05/31,수,NC,KIA,마산,5931
250,2017/05/31,수,삼성,롯데,대구,7827
251,2017/05/31,수,한화,두산,대전,6745
252,2017/05/31,수,KT,SK,수원,4011
253,2017/05/31,수,LG,넥센,잠실,10290
254,2017/06/01,목,NC,KIA,마산,6147
255,2017/06/01,목,삼성,롯데,대구,11066
256,2017/06/01,목,한화,두산,대전,8155
257,2017/06/01,목,KT,SK,수원,4492
258,2017/06/01,목,LG,넥센,잠실,10720
259,2017/06/02,금,삼성,KIA,대구,10055
260,2017/06/02,금,롯데,KT,사직,13115
261,2017/06/02,금,LG,NC,잠실,11227
262,2017/06/02,금,넥센,두산,고척,8389
263,2017/06/02,금,한화,SK,대전,7641
264,2017/06/03,토,삼성,KIA,대구,18148
265,2017/06/03,토,롯데,KT,사직,22303
266,2017/06/03,토,LG,NC,잠실,19180
267,2017/06/03,토,넥센,두산,고척,15542
268,2017/06/03,토,한화,SK,대전,13000
269,2017/06/04,일,삼성,KIA,대구,16588
270,2017/06/04,일,롯데,KT,사직,14836
271,2017/06/04,일,LG,NC,잠실,14832
272,2017/06/04,일,넥센,두산,고척,12839
273,2017/06/04,일,한화,SK,대전,11217
274,2017/06/06,화,NC,롯데,마산,9323
275,2017/06/06,화,두산,삼성,잠실,21253
276,2017/06/06,화,SK,넥센,문학,17997
277,2017/06/07,수,KIA,한화,광주,9313
278,2017/06/07,수,KT,LG,수원,4904
279,2017/06/07,수,NC,롯데,마산,9494
280,2017/06/07,수,두산,삼성,잠실,9149
281,2017/06/07,수,SK,넥센,문학,5058
282,2017/06/08,목,KIA,한화,광주,12060
283,2017/06/08,목,KT,LG,수원,7696
284,2017/06/08,목,NC,롯데,마산,8340
285,2017/06/08,목,두산,삼성,잠실,10260
286,2017/06/08,목,SK,넥센,문학,5903
287,2017/06/09,금,NC,KT,마산,6611
288,2017/06/09,금,롯데,두산,울산,9058
289,2017/06/09,금,LG,SK,잠실,11023
290,2017/06/09,금,한화,삼성,대전,8205
291,2017/06/09,금,KIA,넥센,광주,20500
292,2017/06/10,토,NC,KT,마산,8583
293,2017/06/10,토,롯데,두산,울산,9777
294,2017/06/10,토,LG,SK,잠실,18293
295,2017/06/10,토,한화,삼성,대전,13000
296,2017/06/10,토,KIA,넥센,광주,20500
297,2017/06/11,일,NC,KT,마산,7088
298,2017/06/11,일,롯데,두산,울산,8490
299,2017/06/11,일,LG,SK,잠실,13837
300,2017/06/11,일,한화,삼성,대전,10109
301,2017/06/11,일,KIA,넥센,광주,13795
302,2017/06/13,화,SK,한화,문학,7688
303,2017/06/13,화,롯데,KIA,사직,8960
304,2017/06/13,화,삼성,KT,포항,5973
305,2017/06/13,화,두산,LG,잠실,14565
306,2017/06/13,화,넥센,NC,고척,5621
307,2017/06/14,수,SK,한화,문학,8657
308,2017/06/14,수,롯데,KIA,사직,9430
309,2017/06/14,수,삼성,KT,포항,7092
310,2017/06/14,수,두산,LG,잠실,16136
311,2017/06/14,수,넥센,NC,고척,4020
312,2017/06/15,목,SK,한화,문학,9111
313,2017/06/15,목,롯데,KIA,사직,10563
314,2017/06/15,목,삼성,KT,포항,6226
315,2017/06/15,목,두산,LG,잠실,16791
316,2017/06/15,목,넥센,NC,고척,4681
317,2017/06/16,금,KT,한화,수원,10096
318,2017/06/16,금,KIA,LG,광주,14371
319,2017/06/16,금,넥센,롯데,고척,7803
320,2017/06/16,금,두산,NC,잠실,10226
321,2017/06/16,금,삼성,SK,대구,10623
322,2017/06/17,토,KT,한화,수원,21403
323,2017/06/17,토,KIA,LG,광주,20500
324,2017/06/17,토,넥센,롯데,고척,14019
325,2017/06/17,토,두산,NC,잠실,18215
326,2017/06/17,토,삼성,SK,대구,13777
327,2017/06/18,일,KT,한화,수원,14675
328,2017/06/18,일,KIA,LG,광주,16043
329,2017/06/18,일,넥센,롯데,고척,9130
330,2017/06/18,일,두산,NC,잠실,13271
331,2017/06/18,일,삼성,SK,대구,8804
332,2017/06/20,화,KT,롯데,수원,4705
333,2017/06/20,화,SK,NC,문학,4902
334,2017/06/20,화,LG,삼성,잠실,13098
335,2017/06/20,화,한화,넥센,대전,6175
336,2017/06/21,수,KT,롯데,수원,5805
337,2017/06/21,수,SK,NC,문학,5136
338,2017/06/21,수,KIA,두산,광주,10969
339,2017/06/21,수,LG,삼성,잠실,13250
340,2017/06/21,수,한화,넥센,대전,7379
341,2017/06/22,목,KT,롯데,수원,7082
342,2017/06/22,목,SK,NC,문학,6170
343,2017/06/22,목,KIA,두산,광주,11547
344,2017/06/22,목,LG,삼성,잠실,14197
345,2017/06/22,목,한화,넥센,대전,6854
346,2017/06/23,금,삼성,한화,대구,12726
347,2017/06/23,금,NC,KIA,마산,7814
348,2017/06/23,금,SK,KT,문학,8071
349,2017/06/23,금,넥센,LG,고척,10922
350,2017/06/23,금,두산,롯데,잠실,16262
351,2017/06/24,토,삼성,한화,대구,21107
352,2017/06/24,토,NC,KIA,마산,11000
353,2017/06/24,토,SK,KT,문학,15346
354,2017/06/24,토,넥센,LG,고척,16084
355,2017/06/24,토,두산,롯데,잠실,22406
356,2017/06/25,일,삼성,한화,대구,9579
357,2017/06/25,일,NC,KIA,마산,8363
358,2017/06/25,일,SK,KT,문학,11055
359,2017/06/25,일,넥센,LG,고척,14294
360,2017/06/25,일,두산,롯데,잠실,13870
361,2017/06/27,화,한화,KT,청주,10000
362,2017/06/27,화,롯데,LG,사직,11468
363,2017/06/27,화,두산,SK,잠실,8079
364,2017/06/27,화,KIA,삼성,광주,8279
365,2017/06/27,화,NC,넥센,마산,4275
366,2017/06/28,수,한화,KT,청주,10000
367,2017/06/28,수,롯데,LG,사직,8947
368,2017/06/28,수,두산,SK,잠실,7887
369,2017/06/28,수,KIA,삼성,광주,9963
370,2017/06/28,수,NC,넥센,마산,5055
371,2017/06/29,목,한화,KT,청주,10000
372,2017/06/29,목,두산,SK,잠실,10129
373,2017/06/29,목,KIA,삼성,광주,10447
374,2017/06/30,금,LG,KIA,잠실,24204
375,2017/06/30,금,롯데,NC,사직,7463
376,2017/06/30,금,한화,두산,대전,7616
377,2017/06/30,금,SK,삼성,문학,9531
378,2017/06/30,금,KT,넥센,수원,4186
379,2017/07/01,토,LG,KIA,잠실,25000
380,2017/07/01,토,롯데,NC,사직,20925
381,2017/07/01,토,한화,두산,대전,11970
382,2017/07/01,토,SK,삼성,문학,20050
383,2017/07/02,일,LG,KIA,잠실,19697
384,2017/07/02,일,롯데,NC,사직,7063
385,2017/07/02,일,SK,삼성,문학,7855
386,2017/07/02,일,KT,넥센,수원,3258
387,2017/07/04,화,넥센,한화,고척,10738
388,2017/07/04,화,SK,KIA,문학,17194
389,2017/07/04,화,두산,KT,잠실,5747
390,2017/07/04,화,삼성,롯데,포항,6045
391,2017/07/05,수,넥센,한화,고척,10152
392,2017/07/05,수,SK,KIA,문학,16799
393,2017/07/05,수,두산,KT,잠실,6148
394,2017/07/05,수,NC,LG,마산,5803
395,2017/07/05,수,삼성,롯데,포항,8777
396,2017/07/06,목,넥센,한화,고척,10449
397,2017/07/06,목,SK,KIA,문학,19103
398,2017/07/06,목,삼성,롯데,포항,10167
399,2017/07/07,금,NC,두산,마산,7032
400,2017/07/07,금,롯데,SK,사직,10430
401,2017/07/07,금,삼성,넥센,대구,10180
402,2017/07/08,토,LG,한화,잠실,18714
403,2017/07/08,토,KT,KIA,수원,22000
404,2017/07/08,토,롯데,SK,사직,13750
405,2017/07/08,토,삼성,넥센,대구,10221
406,2017/07/09,일,LG,한화,잠실,22129
407,2017/07/09,일,NC,두산,마산,6875
408,2017/07/09,일,롯데,SK,사직,9163
409,2017/07/09,일,삼성,넥센,대구,6478
410,2017/07/11,화,SK,LG,문학,7286
411,2017/07/11,화,한화,롯데,대전,7860
412,2017/07/11,화,KIA,NC,광주,13847
413,2017/07/11,화,KT,삼성,수원,4067
414,2017/07/11,화,두산,넥센,잠실,7015
415,2017/07/12,수,SK,LG,문학,7148
416,2017/07/12,수,한화,롯데,대전,7648
417,2017/07/12,수,KIA,NC,광주,13916
418,2017/07/12,수,KT,삼성,수원,5050
419,2017/07/12,수,두산,넥센,잠실,6126
420,2017/07/13,목,SK,LG,문학,8277
421,2017/07/13,목,한화,롯데,대전,7270
422,2017/07/13,목,KIA,NC,광주,18607
423,2017/07/13,목,KT,삼성,수원,5154
424,2017/07/13,목,두산,넥센,잠실,7739
425,2017/07/18,화,넥센,KIA,고척,15947
426,2017/07/18,화,LG,KT,잠실,7361
427,2017/07/18,화,한화,NC,청주,8064
428,2017/07/18,화,SK,두산,문학,7823
429,2017/07/18,화,롯데,삼성,울산,7274
430,2017/07/19,수,넥센,KIA,고척,17000
431,2017/07/19,수,LG,KT,잠실,7713
432,2017/07/19,수,한화,NC,청주,7772
433,2017/07/19,수,SK,두산,문학,8376
434,2017/07/19,수,롯데,삼성,울산,7256
435,2017/07/20,목,넥센,KIA,고척,17000
436,2017/07/20,목,LG,KT,잠실,7776
437,2017/07/20,목,한화,NC,청주,7653
438,2017/07/20,목,SK,두산,문학,7991
439,2017/07/20,목,롯데,삼성,울산,7593
440,2017/07/21,금,두산,한화,잠실,13564
441,2017/07/21,금,넥센,KT,고척,3117
442,2017/07/21,금,삼성,LG,대구,7806
443,2017/07/21,금,KIA,롯데,광주,17927
444,2017/07/21,금,NC,SK,마산,7380
445,2017/07/22,토,두산,한화,잠실,18746
446,2017/07/22,토,넥센,KT,고척,6213
447,2017/07/22,토,KIA,롯데,광주,20500
448,2017/07/22,토,NC,SK,마산,8212
449,2017/07/23,일,두산,한화,잠실,11307
450,2017/07/23,일,넥센,KT,고척,4379
451,2017/07/23,일,삼성,LG,대구,7082
452,2017/07/23,일,KIA,롯데,광주,16202
453,2017/07/23,일,NC,SK,마산,7074
454,2017/07/25,화,삼성,NC,대구,5061
455,2017/07/25,화,KT,두산,수원,5165
456,2017/07/25,화,KIA,SK,광주,9485
457,2017/07/25,화,LG,넥센,잠실,8130
458,2017/07/26,수,롯데,한화,사직,12091
459,2017/07/26,수,삼성,NC,대구,6219
460,2017/07/26,수,KT,두산,수원,5077
461,2017/07/26,수,KIA,SK,광주,10723
462,2017/07/26,수,LG,넥센,잠실,8292
463,2017/07/27,목,롯데,한화,사직,11035
464,2017/07/27,목,삼성,NC,대구,7294
465,2017/07/27,목,KT,두산,수원,5591
466,2017/07/27,목,KIA,SK,광주,13343
467,2017/07/27,목,LG,넥센,잠실,9443
468,2017/07/28,금,두산,KIA,잠실,23112
469,2017/07/28,금,한화,LG,대전,7003
470,2017/07/28,금,SK,롯데,문학,10086
471,2017/07/28,금,KT,NC,수원,3090
472,2017/07/28,금,넥센,삼성,고척,7638
473,2017/07/29,토,두산,KIA,잠실,25000
474,2017/07/29,토,한화,LG,대전,11007
475,2017/07/29,토,SK,롯데,문학,22975
476,2017/07/29,토,KT,NC,수원,12082
477,2017/07/29,토,넥센,삼성,고척,13463
478,2017/07/30,일,두산,KIA,잠실,25000
479,2017/07/30,일,한화,LG,대전,7358
480,2017/07/30,일,SK,롯데,문학,19413
481,2017/07/30,일,KT,NC,수원,8145
482,2017/07/30,일,넥센,삼성,고척,11668
483,2017/08/01,화,NC,한화,마산,7697
484,2017/08/01,화,KIA,KT,광주,15653
485,2017/08/01,화,LG,롯데,잠실,16971
486,2017/08/01,화,삼성,두산,대구,10313
487,2017/08/01,화,넥센,SK,고척,8570
488,2017/08/02,수,NC,한화,마산,7619
489,2017/08/02,수,LG,롯데,잠실,15796
490,2017/08/02,수,삼성,두산,대구,10301
491,2017/08/02,수,넥센,SK,고척,7998
492,2017/08/03,목,NC,한화,마산,6884
493,2017/08/03,목,KIA,KT,광주,16918
494,2017/08/03,목,LG,롯데,잠실,15429
495,2017/08/03,목,삼성,두산,대구,10118
496,2017/08/03,목,넥센,SK,고척,9522
497,2017/08/04,금,한화,KIA,대전,10019
498,2017/08/04,금,LG,두산,잠실,20144
499,2017/08/04,금,KT,SK,수원,5195
500,2017/08/04,금,NC,삼성,마산,7377
501,2017/08/04,금,롯데,넥센,사직,13615
502,2017/08/05,토,한화,KIA,대전,11871
503,2017/08/05,토,LG,두산,잠실,22428
504,2017/08/05,토,KT,SK,수원,10210
505,2017/08/05,토,NC,삼성,마산,8125
506,2017/08/05,토,롯데,넥센,사직,17364
507,2017/08/06,일,LG,두산,잠실,17714
508,2017/08/06,일,KT,SK,수원,7012
509,2017/08/06,일,NC,삼성,마산,5544
510,2017/08/06,일,롯데,넥센,사직,10979
511,2017/08/08,화,두산,한화,잠실,13985
512,2017/08/08,화,롯데,KT,사직,10012
513,2017/08/08,화,삼성,LG,대구,7539
514,2017/08/08,화,SK,NC,문학,4997
515,2017/08/08,화,KIA,넥센,광주,10671
516,2017/08/09,수,두산,한화,잠실,15137
517,2017/08/09,수,롯데,KT,사직,7714
518,2017/08/09,수,삼성,LG,대구,6221
519,2017/08/09,수,SK,NC,문학,4622
520,2017/08/09,수,KIA,넥센,광주,11096
521,2017/08/10,목,NC,롯데,마산,7913
522,2017/08/10,목,넥센,두산,고척,13205
523,2017/08/10,목,LG,SK,잠실,7755
524,2017/08/11,금,KT,KIA,수원,16711
525,2017/08/11,금,NC,롯데,마산,9551
526,2017/08/11,금,넥센,두산,고척,12096
527,2017/08/11,금,LG,SK,잠실,9598
528,2017/08/11,금,한화,삼성,대전,6642
529,2017/08/12,토,넥센,한화,고척,15564
530,2017/08/12,토,SK,KT,문학,10343
531,2017/08/12,토,KIA,LG,광주,19446
532,2017/08/12,토,삼성,롯데,대구,17333
533,2017/08/12,토,두산,NC,잠실,17047
534,2017/08/13,일,넥센,한화,고척,12511
535,2017/08/13,일,SK,KT,문학,9215
536,2017/08/13,일,삼성,롯데,대구,13617
537,2017/08/13,일,두산,NC,잠실,15344
538,2017/08/15,화,KIA,NC,광주,16545
539,2017/08/15,화,롯데,두산,사직,10803
540,2017/08/16,수,LG,KT,잠실,7168
541,2017/08/16,수,KIA,NC,광주,12359
542,2017/08/16,수,롯데,두산,사직,21105
543,2017/08/16,수,한화,SK,대전,3187
544,2017/08/16,수,삼성,넥센,대구,6396
545,2017/08/17,목,NC,한화,마산,6020
546,2017/08/17,목,두산,KIA,잠실,20103
547,2017/08/17,목,SK,LG,문학,6107
548,2017/08/17,목,넥센,롯데,고척,11998
549,2017/08/17,목,KT,삼성,수원,4215
550,2017/08/18,금,NC,한화,마산,5905
551,2017/08/18,금,두산,KIA,잠실,22357
552,2017/08/18,금,SK,LG,문학,9015
553,2017/08/18,금,넥센,롯데,고척,11358
554,2017/08/18,금,KT,삼성,수원,8895
555,2017/08/19,토,한화,롯데,대전,11512
556,2017/08/19,토,넥센,NC,고척,9760
557,2017/08/19,토,KT,두산,수원,16453
558,2017/08/19,토,KIA,SK,광주,19270
559,2017/08/19,토,LG,삼성,잠실,18337
560,2017/08/20,일,한화,롯데,대전,5643
561,2017/08/20,일,넥센,NC,고척,6235
562,2017/08/20,일,KT,두산,수원,7090
563,2017/08/22,화,KT,한화,수원,5623
564,2017/08/22,화,KIA,롯데,광주,8714
565,2017/08/22,화,LG,NC,잠실,8626
566,2017/08/22,화,SK,두산,문학,8067
567,2017/08/22,화,넥센,삼성,고척,6144
568,2017/08/23,수,KT,한화,수원,4174
569,2017/08/23,수,KIA,롯데,광주,9789
570,2017/08/23,수,LG,NC,잠실,7105
571,2017/08/23,수,SK,두산,문학,5712
572,2017/08/23,수,넥센,삼성,고척,8733
573,2017/08/24,목,NC,KT,마산,5761
574,2017/08/24,목,롯데,LG,사직,13838
575,2017/08/24,목,삼성,SK,대구,6896
576,2017/08/24,목,두산,넥센,잠실,7139
577,2017/08/25,금,한화,KIA,대전,6471
578,2017/08/25,금,NC,KT,마산,7305
579,2017/08/25,금,롯데,LG,사직,16704
580,2017/08/25,금,삼성,SK,대구,7478
581,2017/08/25,금,두산,넥센,잠실,10083
582,2017/08/26,토,SK,한화,문학,23874
583,2017/08/26,토,NC,KIA,마산,11000
584,2017/08/26,토,삼성,KT,대구,16096
585,2017/08/26,토,두산,LG,잠실,25000
586,2017/08/26,토,롯데,넥센,사직,26600
587,2017/08/27,일,SK,한화,문학,15774
588,2017/08/27,일,NC,KIA,마산,7620
589,2017/08/27,일,삼성,KT,대구,7746
590,2017/08/27,일,두산,LG,잠실,19592
591,2017/08/27,일,롯데,넥센,사직,21858
592,2017/08/29,화,삼성,KIA,대구,7630
593,2017/08/29,화,한화,LG,대전,3670
594,2017/08/29,화,두산,롯데,잠실,17150
595,2017/08/29,화,KT,NC,수원,4335
596,2017/08/29,화,넥센,SK,고척,4294
597,2017/08/30,수,삼성,KIA,대구,8603
598,2017/08/30,수,한화,LG,대전,3585
599,2017/08/30,수,두산,롯데,잠실,17652
600,2017/08/30,수,KT,NC,수원,4598
601,2017/08/30,수,넥센,SK,고척,4310
602,2017/08/31,목,한화,KT,대전,3790
603,2017/08/31,목,롯데,NC,사직,12058
604,2017/08/31,목,KIA,두산,광주,14068
605,2017/08/31,목,SK,삼성,문학,6457
606,2017/08/31,목,LG,넥센,잠실,8161
607,2017/09/01,금,한화,KT,대전,5282
608,2017/09/01,금,롯데,NC,사직,15119
609,2017/09/01,금,KIA,두산,광주,16208
610,2017/09/01,금,SK,삼성,문학,22526
611,2017/09/01,금,LG,넥센,잠실,9705
612,2017/09/02,토,롯데,한화,사직,26600
613,2017/09/02,토,넥센,KIA,고척,17000
614,2017/09/02,토,NC,LG,마산,9105
615,2017/09/02,토,KT,SK,수원,8312
616,2017/09/02,토,두산,삼성,잠실,21185
617,2017/09/03,일,롯데,한화,사직,20502
618,2017/09/03,일,넥센,KIA,고척,17000
619,2017/09/03,일,NC,LG,마산,7518
620,2017/09/03,일,KT,SK,수원,6569
621,2017/09/03,일,두산,삼성,잠실,21654
622,2017/09/05,화,LG,KIA,잠실,17754
623,2017/09/05,화,SK,롯데,문학,8955
624,2017/09/05,화,삼성,NC,대구,3529
625,2017/09/05,화,한화,두산,대전,3757
626,2017/09/05,화,KT,넥센,수원,4103
627,2017/09/06,수,LG,KIA,잠실,16971
628,2017/09/06,수,한화,두산,대전,4837
629,2017/09/06,수,KT,넥센,수원,3958
630,2017/09/07,목,KIA,한화,광주,12511
631,2017/09/07,목,두산,KT,잠실,8151
632,2017/09/07,목,넥센,LG,고척,10307
633,2017/09/07,목,NC,SK,마산,5852
634,2017/09/07,목,롯데,삼성,사직,16088
635,2017/09/08,금,KIA,한화,광주,15929
636,2017/09/08,금,두산,KT,잠실,10353
637,2017/09/08,금,넥센,LG,고척,9902
638,2017/09/08,금,NC,SK,마산,6317
639,2017/09/08,금,롯데,삼성,사직,21258
640,2017/09/09,토,KT,롯데,수원,21037
641,2017/09/09,토,한화,NC,대전,9618
642,2017/09/09,토,LG,두산,잠실,24112
643,2017/09/09,토,KIA,삼성,광주,20500
644,2017/09/09,토,SK,넥센,문학,22803
645,2017/09/10,일,KT,롯데,수원,18406
646,2017/09/10,일,한화,NC,대전,7096
647,2017/09/10,일,LG,두산,잠실,21683
648,2017/09/10,일,KIA,삼성,광주,19686
649,2017/09/10,일,SK,넥센,문학,18137
650,2017/09/12,화,삼성,한화,대구,7826
651,2017/09/12,화,SK,KIA,문학,19349
652,2017/09/12,화,넥센,KT,고척,5628
653,2017/09/12,화,LG,롯데,잠실,17685
654,2017/09/12,화,NC,두산,마산,6961
655,2017/09/13,수,삼성,한화,대구,9174
656,2017/09/13,수,SK,KIA,문학,19364
657,2017/09/13,수,넥센,KT,고척,7033
658,2017/09/13,수,LG,롯데,잠실,19068
659,2017/09/13,수,NC,두산,마산,7206
660,2017/09/14,목,롯데,KIA,사직,17991
661,2017/09/14,목,KT,LG,수원,8015
662,2017/09/14,목,두산,SK,잠실,12965
663,2017/09/14,목,NC,삼성,마산,6423
664,2017/09/14,목,한화,넥센,대전,5079
665,2017/09/15,금,롯데,KIA,사직,16325
666,2017/09/15,금,KT,LG,수원,9214
667,2017/09/15,금,두산,SK,잠실,14770
668,2017/09/15,금,NC,삼성,마산,8248
669,2017/09/15,금,한화,넥센,대전,6091
670,2017/09/16,토,LG,한화,잠실,19961
671,2017/09/16,토,KIA,KT,광주,17941
672,2017/09/16,토,삼성,두산,대구,17448
673,2017/09/16,토,롯데,SK,사직,18652
674,2017/09/16,토,NC,넥센,마산,7362
675,2017/09/17,일,LG,한화,잠실,16454
676,2017/09/17,일,KIA,KT,광주,15877
677,2017/09/17,일,삼성,두산,대구,14061
678,2017/09/17,일,롯데,SK,사직,13024
679,2017/09/17,일,NC,넥센,마산,7286
680,2017/09/19,화,LG,KT,잠실,5523
681,2017/09/19,화,롯데,두산,사직,14916
682,2017/09/19,화,KIA,SK,광주,7405
683,2017/09/20,수,LG,한화,잠실,9719
684,2017/09/20,수,NC,두산,마산,5256
685,2017/09/20,수,KIA,SK,광주,7823
686,2017/09/21,목,삼성,LG,대구,8304
687,2017/09/21,목,KT,넥센,수원,3829
688,2017/09/22,금,삼성,LG,대구,10073
689,2017/09/22,금,한화,롯데,대전,5464
690,2017/09/22,금,KIA,두산,광주,14107
691,2017/09/23,토,KIA,KT,광주,12056
692,2017/09/23,토,NC,LG,마산,7192
693,2017/09/23,토,한화,삼성,대전,7539
694,2017/09/23,토,롯데,넥센,사직,23194
695,2017/09/24,일,KIA,한화,광주,12590
696,2017/09/24,일,두산,KT,잠실,18802
697,2017/09/24,일,NC,LG,마산,6706
698,2017/09/26,화,롯데,한화,사직,15625
699,2017/09/26,화,KIA,LG,광주,11894
700,2017/09/27,수,삼성,NC,대구,8204
701,2017/09/27,수,KT,두산,수원,10643
702,2017/09/28,목,한화,KIA,대전,5738
703,2017/09/28,목,KT,LG,수원,7628
704,2017/09/29,금,한화,KIA,대전,6094
705,2017/09/29,금,SK,롯데,문학,25000
706,2017/09/29,금,LG,두산,잠실,22246
707,2017/09/29,금,NC,넥센,마산,7338
708,2017/09/30,토,한화,SK,대전,7264
709,2017/09/30,토,LG,삼성,잠실,18477
710,2017/09/30,토,NC,넥센,마산,11000
711,2017/10/01,일,KT,KIA,수원,22000
712,2017/10/01,일,한화,두산,대전,9141
713,2017/10/01,일,LG,삼성,잠실,19440
714,2017/10/02,월,KT,KIA,수원,22000
715,2017/10/03,화,KT,KIA,수원,22000
716,2017/10/03,화,롯데,LG,사직,26600
717,2017/10/03,화,한화,NC,대전,10401
718,2017/10/03,화,두산,SK,잠실,25000
719,2017/10/03,화,삼성,넥센,대구,24000
720,2018/03/24,토,넥센,한화,고척,15055
721,2018/03/24,토,KIA,KT,광주,20500
722,2018/03/24,토,NC,LG,마산,11000
723,2018/03/24,토,SK,롯데,문학,25000
724,2018/03/24,토,두산,삼성,잠실,25000
725,2018/03/25,일,넥센,한화,고척,13010
726,2018/03/25,일,KIA,KT,광주,20500
727,2018/03/25,일,NC,LG,마산,11000
728,2018/03/25,일,SK,롯데,문학,22765
729,2018/03/25,일,두산,삼성,잠실,20240
730,2018/03/27,화,NC,한화,마산,5037
731,2018/03/27,화,SK,KT,문학,6067
732,2018/03/27,화,넥센,LG,고척,4401
733,2018/03/27,화,두산,롯데,잠실,10391
734,2018/03/27,화,KIA,삼성,광주,6892
735,2018/03/28,수,NC,한화,마산,5003
736,2018/03/28,수,SK,KT,문학,5701
737,2018/03/28,수,넥센,LG,고척,4437
738,2018/03/28,수,두산,롯데,잠실,10382
739,2018/03/28,수,KIA,삼성,광주,8347
740,2018/03/29,목,NC,한화,마산,4872
741,2018/03/29,목,SK,KT,문학,5936
742,2018/03/29,목,넥센,LG,고척,4219
743,2018/03/29,목,두산,롯데,잠실,10956
744,2018/03/29,목,KIA,삼성,광주,7839
745,2018/03/30,금,LG,KIA,잠실,22667
746,2018/03/30,금,롯데,NC,사직,21124
747,2018/03/30,금,KT,두산,수원,13562
748,2018/03/30,금,한화,SK,대전,10354
749,2018/03/30,금,삼성,넥센,대구,11683
750,2018/03/31,토,LG,KIA,잠실,25000
751,2018/03/31,토,롯데,NC,사직,25000
752,2018/03/31,토,KT,두산,수원,16852
753,2018/03/31,토,한화,SK,대전,13000
754,2018/03/31,토,삼성,넥센,대구,16572
755,2018/04/01,일,LG,KIA,잠실,23815
756,2018/04/01,일,롯데,NC,사직,19432
757,2018/04/01,일,KT,두산,수원,16137
758,2018/04/01,일,한화,SK,대전,9528
759,2018/04/01,일,삼성,넥센,대구,14336
760,2018/04/03,화,SK,KIA,문학,15052
761,2018/04/03,화,넥센,KT,고척,1814
762,2018/04/03,화,두산,LG,잠실,13557
763,2018/04/03,화,한화,롯데,대전,5740
764,2018/04/03,화,NC,삼성,마산,5655
765,2018/04/04,수,SK,KIA,문학,14639
766,2018/04/04,수,넥센,KT,고척,2081
767,2018/04/04,수,두산,LG,잠실,12742
768,2018/04/04,수,한화,롯데,대전,3891
769,2018/04/04,수,NC,삼성,마산,3192
770,2018/04/05,목,넥센,KT,고척,2489
771,2018/04/05,목,NC,삼성,마산,3904
772,2018/04/06,금,롯데,LG,사직,8814
773,2018/04/06,금,KIA,넥센,광주,10616
774,2018/04/07,토,KT,한화,수원,14746
775,2018/04/07,토,롯데,LG,사직,14498
776,2018/04/07,토,두산,NC,잠실,16586
777,2018/04/07,토,SK,삼성,문학,17581
778,2018/04/07,토,KIA,넥센,광주,16661
779,2018/04/08,일,KT,한화,수원,12840
780,2018/04/08,일,롯데,LG,사직,13093
781,2018/04/08,일,두산,NC,잠실,13877
782,2018/04/08,일,SK,삼성,문학,15144
783,2018/04/08,일,KIA,넥센,광주,16133
784,2018/04/10,화,한화,KIA,대전,6539
785,2018/04/10,화,NC,KT,마산,6010
786,2018/04/10,화,삼성,두산,대구,6323
787,2018/04/10,화,LG,SK,잠실,8069
788,2018/04/10,화,롯데,넥센,울산,5902
789,2018/04/11,수,한화,KIA,대전,7545
790,2018/04/11,수,NC,KT,마산,5393
791,2018/04/11,수,삼성,두산,대구,7736
792,2018/04/11,수,LG,SK,잠실,8940
793,2018/04/11,수,롯데,넥센,울산,5991
794,2018/04/12,목,한화,KIA,대전,8577
795,2018/04/12,목,NC,KT,마산,5855
796,2018/04/12,목,삼성,두산,대구,6283
797,2018/04/12,목,LG,SK,잠실,9825
798,2018/04/12,목,롯데,넥센,울산,7252
799,2018/04/13,금,LG,KT,잠실,10899
800,2018/04/13,금,KIA,롯데,광주,14159
801,2018/04/13,금,SK,NC,문학,7945
802,2018/04/13,금,넥센,두산,고척,6031
803,2018/04/13,금,한화,삼성,대전,8072
804,2018/04/14,토,LG,KT,잠실,12862
805,2018/04/14,토,SK,NC,문학,9939
806,2018/04/14,토,넥센,두산,고척,12480
807,2018/04/14,토,한화,삼성,대전,8783
808,2018/04/15,일,LG,KT,잠실,15336
809,2018/04/15,일,SK,NC,문학,15471
810,2018/04/15,일,넥센,두산,고척,9629
811,2018/04/15,일,한화,삼성,대전,13000
812,2018/04/17,화,두산,한화,잠실,16073
813,2018/04/17,화,KIA,LG,광주,8058
814,2018/04/17,화,넥센,NC,고척,2028
815,2018/04/17,화,KT,SK,수원,4237
816,2018/04/17,화,롯데,삼성,사직,9213
817,2018/04/18,수,두산,한화,잠실,16437
818,2018/04/18,수,KIA,LG,광주,8528
819,2018/04/18,수,넥센,NC,고척,2344
820,2018/04/18,수,KT,SK,수원,4312
821,2018/04/18,수,롯데,삼성,사직,8428
822,2018/04/19,목,두산,한화,잠실,16104
823,2018/04/19,목,KIA,LG,광주,10700
824,2018/04/19,목,넥센,NC,고척,2453
825,2018/04/19,목,KT,SK,수원,4640
826,2018/04/19,목,롯데,삼성,사직,9379
827,2018/04/20,금,두산,KIA,잠실,23214
828,2018/04/20,금,삼성,KT,대구,7466
829,2018/04/20,금,NC,LG,마산,7357
830,2018/04/20,금,롯데,SK,사직,8647
831,2018/04/20,금,한화,넥센,대전,9246
832,2018/04/21,토,두산,KIA,잠실,25000
833,2018/04/21,토,삼성,KT,대구,16454
834,2018/04/21,토,NC,LG,마산,8767
835,2018/04/21,토,롯데,SK,사직,17911
836,2018/04/21,토,한화,넥센,대전,13000
837,2018/04/22,일,두산,KIA,잠실,22177
838,2018/04/22,일,삼성,KT,대구,9026
839,2018/04/22,일,NC,LG,마산,6242
840,2018/04/22,일,롯데,SK,사직,11364
841,2018/04/22,일,한화,넥센,대전,6743
842,2018/04/24,화,KT,롯데,수원,5429
843,2018/04/24,화,삼성,NC,대구,3216
844,2018/04/24,화,SK,두산,문학,7929
845,2018/04/24,화,LG,넥센,잠실,8531
846,2018/04/25,수,KIA,한화,광주,10420
847,2018/04/25,수,KT,롯데,수원,6922
848,2018/04/25,수,삼성,NC,대구,5371
849,2018/04/25,수,SK,두산,문학,14201
850,2018/04/25,수,LG,넥센,잠실,10744
851,2018/04/26,목,KIA,한화,광주,12055
852,2018/04/26,목,KT,롯데,수원,7023
853,2018/04/26,목,삼성,NC,대구,7705
854,2018/04/26,목,SK,두산,문학,15020
855,2018/04/26,목,LG,넥센,잠실,11008
856,2018/04/27,금,롯데,한화,사직,14873
857,2018/04/27,금,KT,KIA,수원,14901
858,2018/04/27,금,NC,두산,마산,8331
859,2018/04/27,금,넥센,SK,고척,3260
860,2018/04/27,금,LG,삼성,잠실,15885
861,2018/04/28,토,롯데,한화,사직,23139
862,2018/04/28,토,KT,KIA,수원,20800
863,2018/04/28,토,NC,두산,마산,10058
864,2018/04/28,토,넥센,SK,고척,7185
865,2018/04/28,토,LG,삼성,잠실,23380
866,2018/04/29,일,롯데,한화,사직,17684
867,2018/04/29,일,KT,KIA,수원,20800
868,2018/04/29,일,NC,두산,마산,9075
869,2018/04/29,일,넥센,SK,고척,5712
870,2018/04/29,일,LG,삼성,잠실,21031
871,2018/05/01,화,롯데,KIA,사직,12758
872,2018/05/01,화,두산,KT,잠실,13421
873,2018/05/01,화,한화,LG,대전,12449
874,2018/05/01,화,삼성,SK,대구,6764
875,2018/05/01,화,NC,넥센,마산,6524
876,2018/05/02,수,롯데,KIA,사직,7513
877,2018/05/02,수,한화,LG,대전,6171
878,2018/05/02,수,삼성,SK,대구,3531
879,2018/05/02,수,NC,넥센,마산,3098
880,2018/05/03,목,롯데,KIA,사직,12267
881,2018/05/03,목,두산,KT,잠실,10196
882,2018/05/03,목,한화,LG,대전,9680
883,2018/05/03,목,삼성,SK,대구,4760
884,2018/05/03,목,NC,넥센,마산,4334
885,2018/05/04,금,삼성,한화,대구,11094
886,2018/05/04,금,SK,롯데,문학,17628
887,2018/05/04,금,KIA,NC,광주,15851
888,2018/05/04,금,LG,두산,잠실,23098
889,2018/05/04,금,KT,넥센,수원,5572
890,2018/05/05,토,삼성,한화,대구,21291
891,2018/05/05,토,SK,롯데,문학,25000
892,2018/05/05,토,KIA,NC,광주,20500
893,2018/05/05,토,LG,두산,잠실,25000
894,2018/05/05,토,KT,넥센,수원,15090
895,2018/05/06,일,KIA,NC,광주,16532
896,2018/05/06,일,LG,두산,잠실,21014
897,2018/05/08,화,넥센,한화,고척,6875
898,2018/05/08,화,LG,롯데,잠실,13448
899,2018/05/08,화,KIA,두산,광주,8734
900,2018/05/08,화,NC,SK,마산,4068
901,2018/05/08,화,KT,삼성,수원,3698
902,2018/05/09,수,넥센,한화,고척,7983
903,2018/05/09,수,LG,롯데,잠실,18561
904,2018/05/09,수,KIA,두산,광주,14319
905,2018/05/09,수,NC,SK,마산,4484
906,2018/05/09,수,KT,삼성,수원,5985
907,2018/05/10,목,넥센,한화,고척,9703
908,2018/05/10,목,LG,롯데,잠실,19697
909,2018/05/10,목,KIA,두산,광주,13245
910,2018/05/10,목,NC,SK,마산,7718
911,2018/05/10,목,KT,삼성,수원,5979
912,2018/05/11,금,삼성,KIA,대구,10391
913,2018/05/11,금,롯데,KT,사직,17026
914,2018/05/11,금,SK,LG,문학,15870
915,2018/05/11,금,한화,NC,대전,12312
916,2018/05/11,금,두산,넥센,잠실,14269
917,2018/05/13,일,삼성,KIA,대구,15135
918,2018/05/13,일,롯데,KT,사직,18650
919,2018/05/13,일,SK,LG,문학,24496
920,2018/05/13,일,한화,NC,대전,13000
921,2018/05/13,일,두산,넥센,잠실,17813
922,2018/05/15,화,넥센,KIA,고척,12250
923,2018/05/15,화,한화,KT,대전,10454
924,2018/05/15,화,삼성,LG,포항,6787
925,2018/05/15,화,NC,롯데,마산,10012
926,2018/05/15,화,두산,SK,잠실,13222
927,2018/05/16,수,넥센,KIA,고척,11273
928,2018/05/16,수,한화,KT,대전,7053
929,2018/05/16,수,삼성,LG,포항,5720
930,2018/05/16,수,두산,SK,잠실,7119
931,2018/05/17,목,넥센,KIA,고척,11464
932,2018/05/17,목,한화,KT,대전,6770
933,2018/05/17,목,삼성,LG,포항,5614
934,2018/05/17,목,NC,롯데,마산,7035
935,2018/05/18,금,LG,한화,잠실,21431
936,2018/05/18,금,KT,NC,수원,3737
937,2018/05/18,금,롯데,두산,사직,11287
938,2018/05/18,금,KIA,SK,광주,12637
939,2018/05/18,금,넥센,삼성,고척,3298
940,2018/05/19,토,LG,한화,잠실,25000
941,2018/05/19,토,KT,NC,수원,11752
942,2018/05/19,토,롯데,두산,사직,25000
943,2018/05/19,토,KIA,SK,광주,20500
944,2018/05/19,토,넥센,삼성,고척,8547
945,2018/05/20,일,LG,한화,잠실,25000
946,2018/05/20,일,KT,NC,수원,9497
947,2018/05/20,일,롯데,두산,사직,25000
948,2018/05/20,일,KIA,SK,광주,20500
949,2018/05/20,일,넥센,삼성,고척,7610
950,2018/05/22,화,KIA,KT,광주,19693
951,2018/05/22,화,삼성,롯데,대구,24000
952,2018/05/22,화,LG,NC,잠실,18543
953,2018/05/22,화,한화,두산,대전,13000
954,2018/05/22,화,SK,넥센,문학,19616
955,2018/05/23,수,KIA,KT,광주,11334
956,2018/05/23,수,삼성,롯데,대구,12008
957,2018/05/23,수,LG,NC,잠실,9279
958,2018/05/23,수,한화,두산,대전,12357
959,2018/05/23,수,SK,넥센,문학,7582
960,2018/05/24,목,KIA,KT,광주,11297
961,2018/05/24,목,삼성,롯데,대구,11270
962,2018/05/24,목,LG,NC,잠실,11075
963,2018/05/24,목,한화,두산,대전,13000
964,2018/05/24,목,SK,넥센,문학,6856
965,2018/05/25,금,SK,한화,문학,22889
966,2018/05/25,금,NC,KIA,마산,8065
967,2018/05/25,금,KT,LG,수원,10009
968,2018/05/25,금,넥센,롯데,고척,6131
969,2018/05/25,금,두산,삼성,잠실,15168
970,2018/05/26,토,SK,한화,문학,25000
971,2018/05/26,토,NC,KIA,마산,10088
972,2018/05/26,토,KT,LG,수원,18479
973,2018/05/26,토,넥센,롯데,고척,12331
974,2018/05/26,토,두산,삼성,잠실,25000
975,2018/05/27,일,SK,한화,문학,25000
976,2018/05/27,일,NC,KIA,마산,8019
977,2018/05/27,일,KT,LG,수원,16232
978,2018/05/27,일,넥센,롯데,고척,9964
979,2018/05/27,일,두산,삼성,잠실,21171
980,2018/05/29,화,삼성,KT,대구,7342
981,2018/05/29,화,롯데,LG,사직,14775
982,2018/05/29,화,한화,NC,대전,9158
983,2018/05/29,화,KIA,넥센,광주,9199
984,2018/05/30,수,삼성,KT,대구,7705
985,2018/05/30,수,롯데,LG,사직,15309
986,2018/05/30,수,한화,NC,대전,10458
987,2018/05/30,수,두산,SK,잠실,12382
988,2018/05/30,수,KIA,넥센,광주,9591
989,2018/05/31,목,삼성,KT,대구,8218
990,2018/05/31,목,롯데,LG,사직,10389
991,2018/05/31,목,한화,NC,대전,11479
992,2018/05/31,목,두산,SK,잠실,12412
993,2018/05/31,목,KIA,넥센,광주,9928
994,2018/06/01,금,롯데,한화,사직,13641
995,2018/06/01,금,SK,KT,문학,14451
996,2018/06/01,금,KIA,두산,광주,17114
997,2018/06/01,금,NC,삼성,마산,5763
998,2018/06/01,금,LG,넥센,잠실,12385
999,2018/06/02,토,롯데,한화,사직,25000
1000,2018/06/02,토,SK,KT,문학,18465
1001,2018/06/02,토,KIA,두산,광주,20500
1002,2018/06/02,토,NC,삼성,마산,8037
1003,2018/06/02,토,LG,넥센,잠실,20227
1004,2018/06/03,일,롯데,한화,사직,14408
1005,2018/06/03,일,SK,KT,문학,14028
1006,2018/06/03,일,KIA,두산,광주,18581
1007,2018/06/03,일,NC,삼성,마산,6155
1008,2018/06/03,일,LG,넥센,잠실,15687
1009,2018/06/05,화,LG,한화,잠실,23934
1010,2018/06/05,화,KT,KIA,수원,12598
1011,2018/06/05,화,NC,롯데,마산,8536
1012,2018/06/05,화,넥센,두산,고척,6655
1013,2018/06/05,화,SK,삼성,문학,10828
1014,2018/06/06,수,LG,한화,잠실,23593
1015,2018/06/06,수,KT,KIA,수원,20800
1016,2018/06/06,수,NC,롯데,마산,8867
1017,2018/06/06,수,넥센,두산,고척,13731
1018,2018/06/06,수,SK,삼성,문학,20381
1019,2018/06/07,목,LG,한화,잠실,20245
1020,2018/06/07,목,KT,KIA,수원,10436
1021,2018/06/07,목,NC,롯데,마산,7573
1022,2018/06/07,목,넥센,두산,고척,4108
1023,2018/06/07,목,SK,삼성,문학,7624
1024,2018/06/08,금,롯데,KIA,사직,13245
1025,2018/06/08,금,삼성,LG,대구,14613
1026,2018/06/08,금,두산,NC,잠실,11531
1027,2018/06/08,금,한화,SK,대전,13000
1028,2018/06/08,금,KT,넥센,수원,3492
1029,2018/06/09,토,롯데,KIA,사직,25000
1030,2018/06/09,토,삼성,LG,대구,24000
1031,2018/06/09,토,두산,NC,잠실,20314
1032,2018/06/09,토,한화,SK,대전,13000
1033,2018/06/09,토,KT,넥센,수원,10230
1034,2018/06/10,일,삼성,LG,대구,13594
1035,2018/06/10,일,두산,NC,잠실,14323
1036,2018/06/10,일,한화,SK,대전,13000
1037,2018/06/10,일,KT,넥센,수원,7186
1038,2018/06/12,화,넥센,한화,고척,9527
1039,2018/06/12,화,두산,KT,잠실,10412
1040,2018/06/12,화,NC,LG,마산,5730
1041,2018/06/12,화,KIA,SK,광주,16512
1042,2018/06/12,화,롯데,삼성,사직,15541
1043,2018/06/13,수,넥센,한화,고척,12756
1044,2018/06/13,수,두산,KT,잠실,13845
1045,2018/06/13,수,NC,LG,마산,4838
1046,2018/06/13,수,KIA,SK,광주,16869
1047,2018/06/13,수,롯데,삼성,사직,13592
1048,2018/06/14,목,넥센,한화,고척,7656
1049,2018/06/14,목,두산,KT,잠실,7513
1050,2018/06/14,목,NC,LG,마산,4463
1051,2018/06/14,목,KIA,SK,광주,10317
1052,2018/06/14,목,롯데,삼성,사직,9318
1053,2018/06/15,금,LG,KIA,잠실,23375
1054,2018/06/15,금,NC,KT,마산,4418
1055,2018/06/15,금,SK,롯데,문학,13204
1056,2018/06/15,금,한화,두산,대전,13000
1057,2018/06/15,금,넥센,삼성,고척,2676
1058,2018/06/16,토,LG,KIA,잠실,25000
1059,2018/06/16,토,NC,KT,마산,7503
1060,2018/06/16,토,SK,롯데,문학,23047
1061,2018/06/16,토,한화,두산,대전,13000
1062,2018/06/16,토,넥센,삼성,고척,7827
1063,2018/06/17,일,LG,KIA,잠실,23586
1064,2018/06/17,일,NC,KT,마산,6596
1065,2018/06/17,일,SK,롯데,문학,16403
1066,2018/06/17,일,한화,두산,대전,13000
1067,2018/06/17,일,넥센,삼성,고척,4089
1068,2018/06/19,화,한화,LG,청주,10000
1069,2018/06/19,화,KT,롯데,수원,6299
1070,2018/06/19,화,삼성,SK,대구,4353
1071,2018/06/19,화,두산,넥센,잠실,7323
1072,2018/06/20,수,한화,LG,청주,10000
1073,2018/06/20,수,KT,롯데,수원,6404
1074,2018/06/20,수,KIA,NC,광주,7916
1075,2018/06/20,수,삼성,SK,대구,6594
1076,2018/06/20,수,두산,넥센,잠실,9056
1077,2018/06/21,목,한화,LG,청주,10000
1078,2018/06/21,목,KT,롯데,수원,7023
1079,2018/06/21,목,KIA,NC,광주,17892
1080,2018/06/21,목,삼성,SK,대구,6243
1081,2018/06/21,목,두산,넥센,잠실,10145
1082,2018/06/22,금,NC,한화,마산,7525
1083,2018/06/22,금,넥센,KIA,고척,6788
1084,2018/06/22,금,LG,롯데,잠실,21084
1085,2018/06/22,금,삼성,두산,대구,12405
1086,2018/06/22,금,KT,SK,수원,3797
1087,2018/06/23,토,NC,한화,마산,9549
1088,2018/06/23,토,넥센,KIA,고척,14811
1089,2018/06/23,토,LG,롯데,잠실,24212
1090,2018/06/23,토,삼성,두산,대구,15332
1091,2018/06/23,토,KT,SK,수원,9673
1092,2018/06/24,일,NC,한화,마산,6136
1093,2018/06/24,일,넥센,KIA,고척,10227
1094,2018/06/24,일,LG,롯데,잠실,20904
1095,2018/06/24,일,삼성,두산,대구,10188
1096,2018/06/24,일,KT,SK,수원,6468
1097,2018/06/26,화,NC,두산,마산,2922
1098,2018/06/26,화,한화,삼성,대전,7344
1099,2018/06/26,화,롯데,넥센,사직,9507
1100,2018/06/27,수,SK,KIA,문학,12404
1101,2018/06/27,수,LG,KT,잠실,9004
1102,2018/06/27,수,NC,두산,마산,2865
1103,2018/06/27,수,한화,삼성,대전,8153
1104,2018/06/27,수,롯데,넥센,사직,4264
1105,2018/06/28,목,NC,두산,마산,2768
1106,2018/06/28,목,한화,삼성,대전,9914
1107,2018/06/28,목,롯데,넥센,사직,4510
1108,2018/06/29,금,두산,KIA,잠실,23114
1109,2018/06/29,금,SK,LG,문학,14054
1110,2018/06/29,금,한화,롯데,대전,13000
1111,2018/06/29,금,KT,NC,수원,3266
1112,2018/06/29,금,삼성,넥센,대구,8020
1113,2018/06/30,토,두산,KIA,잠실,24110
1114,2018/06/30,토,SK,LG,문학,19024
1115,2018/06/30,토,한화,롯데,대전,11891
1116,2018/06/30,토,KT,NC,수원,4237
1117,2018/07/01,일,삼성,넥센,대구,5015
1118,2018/07/03,화,KIA,한화,광주,5484
1119,2018/07/03,화,LG,NC,잠실,7034
1120,2018/07/03,화,넥센,SK,고척,2635
1121,2018/07/04,수,KIA,한화,광주,7287
1122,2018/07/04,수,LG,NC,잠실,7343
1123,2018/07/04,수,롯데,두산,사직,7750
1124,2018/07/04,수,넥센,SK,고척,2305
1125,2018/07/04,수,KT,삼성,수원,3320
1126,2018/07/05,목,KIA,한화,광주,6923
1127,2018/07/05,목,LG,NC,잠실,8125
1128,2018/07/05,목,롯데,두산,사직,7896
1129,2018/07/05,목,넥센,SK,고척,2876
1130,2018/07/05,목,KT,삼성,수원,3189
1131,2018/07/06,금,SK,한화,문학,18882
1132,2018/07/06,금,롯데,KT,사직,10497
1133,2018/07/06,금,KIA,LG,광주,10136
1134,2018/07/06,금,넥센,NC,고척,1755
1135,2018/07/06,금,두산,삼성,잠실,17262
1136,2018/07/07,토,SK,한화,문학,25000
1137,2018/07/07,토,롯데,KT,사직,22958
1138,2018/07/07,토,KIA,LG,광주,19352
1139,2018/07/07,토,넥센,NC,고척,4681
1140,2018/07/07,토,두산,삼성,잠실,21138
1141,2018/07/08,일,SK,한화,문학,23044
1142,2018/07/08,일,롯데,KT,사직,11528
1143,2018/07/08,일,KIA,LG,광주,15038
1144,2018/07/08,일,넥센,NC,고척,2312
1145,2018/07/08,일,두산,삼성,잠실,17144
1146,2018/07/10,화,NC,KIA,마산,5089
1147,2018/07/10,화,삼성,롯데,포항,8245
1148,2018/07/10,화,KT,두산,수원,5030
1149,2018/07/10,화,LG,SK,잠실,8445
1150,2018/07/10,화,한화,넥센,대전,9776
1151,2018/07/11,수,NC,KIA,마산,5631
1152,2018/07/11,수,삼성,롯데,포항,8920
1153,2018/07/11,수,KT,두산,수원,6249
1154,2018/07/11,수,LG,SK,잠실,9417
1155,2018/07/11,수,한화,넥센,대전,10007
1156,2018/07/12,목,NC,KIA,마산,4761
1157,2018/07/12,목,삼성,롯데,포항,8472
1158,2018/07/12,목,KT,두산,수원,6306
1159,2018/07/12,목,LG,SK,잠실,9947
1160,2018/07/12,목,한화,넥센,대전,10741
1161,2018/07/17,화,KT,한화,수원,9729
1162,2018/07/17,화,넥센,LG,고척,5688
1163,2018/07/17,화,두산,롯데,잠실,12122
1164,2018/07/17,화,SK,NC,문학,5195
1165,2018/07/17,화,KIA,삼성,광주,6685
1166,2018/07/18,수,KT,한화,수원,9599
1167,2018/07/18,수,넥센,LG,고척,5670
1168,2018/07/18,수,두산,롯데,잠실,11707
1169,2018/07/18,수,SK,NC,문학,6563
1170,2018/07/18,수,KIA,삼성,광주,7058
1171,2018/07/19,목,KT,한화,수원,9918
1172,2018/07/19,목,넥센,LG,고척,6475
1173,2018/07/19,목,두산,롯데,잠실,12265
1174,2018/07/19,목,SK,NC,문학,6702
1175,2018/07/19,목,KIA,삼성,광주,8834
1176,2018/07/20,금,삼성,한화,대구,10101
1177,2018/07/20,금,KIA,KT,광주,9487
1178,2018/07/20,금,LG,두산,잠실,19800
1179,2018/07/20,금,롯데,SK,사직,9293
1180,2018/07/20,금,NC,넥센,마산,4577
1181,2018/07/21,토,삼성,한화,대구,12101
1182,2018/07/21,토,KIA,KT,광주,13177
1183,2018/07/21,토,LG,두산,잠실,22550
1184,2018/07/21,토,롯데,SK,사직,15371
1185,2018/07/21,토,NC,넥센,마산,7048
1186,2018/07/22,일,삼성,한화,대구,8146
1187,2018/07/22,일,KIA,KT,광주,8018
1188,2018/07/22,일,LG,두산,잠실,18463
1189,2018/07/22,일,롯데,SK,사직,7609
1190,2018/07/22,일,NC,넥센,마산,4381
1191,2018/07/24,화,한화,KIA,대전,9604
1192,2018/07/24,화,넥센,KT,고척,1515
1193,2018/07/24,화,롯데,NC,사직,7559
1194,2018/07/24,화,SK,두산,문학,15433
1195,2018/07/24,화,LG,삼성,잠실,9393
1196,2018/07/25,수,한화,KIA,대전,9281
1197,2018/07/25,수,넥센,KT,고척,1600
1198,2018/07/25,수,롯데,NC,사직,7318
1199,2018/07/25,수,SK,두산,문학,13068
1200,2018/07/25,수,LG,삼성,잠실,8849
1201,2018/07/26,목,한화,KIA,대전,9397
1202,2018/07/26,목,넥센,KT,고척,1637
1203,2018/07/26,목,롯데,NC,사직,7177
1204,2018/07/26,목,SK,두산,문학,13499
1205,2018/07/26,목,LG,삼성,잠실,9415
1206,2018/07/27,금,두산,한화,잠실,19023
1207,2018/07/27,금,삼성,KIA,대구,5293
1208,2018/07/27,금,KT,LG,수원,7188
1209,2018/07/27,금,넥센,롯데,고척,4148
1210,2018/07/27,금,NC,SK,마산,4187
1211,2018/07/28,토,두산,한화,잠실,22202
1212,2018/07/28,토,삼성,KIA,대구,14121
1213,2018/07/28,토,KT,LG,수원,13230
1214,2018/07/28,토,넥센,롯데,고척,9386
1215,2018/07/28,토,NC,SK,마산,6103
1216,2018/07/29,일,두산,한화,잠실,21084
1217,2018/07/29,일,삼성,KIA,대구,10631
1218,2018/07/29,일,KT,LG,수원,9079
1219,2018/07/29,일,넥센,롯데,고척,7354
1220,2018/07/29,일,NC,SK,마산,4263
1221,2018/07/31,화,한화,KT,대전,8013
1222,2018/07/31,화,두산,LG,잠실,13107
1223,2018/07/31,화,KIA,롯데,광주,8508
1224,2018/07/31,화,삼성,NC,대구,9057
1225,2018/07/31,화,SK,넥센,문학,6049
1226,2018/08/01,수,한화,KT,대전,7896
1227,2018/08/01,수,두산,LG,잠실,12145
1228,2018/08/01,수,KIA,롯데,광주,7018
1229,2018/08/01,수,삼성,NC,대구,8519
1230,2018/08/01,수,SK,넥센,문학,5976
1231,2018/08/02,목,한화,KT,대전,8425
1232,2018/08/02,목,두산,LG,잠실,13304
1233,2018/08/02,목,KIA,롯데,광주,8398
1234,2018/08/02,목,삼성,NC,대구,9486
1235,2018/08/02,목,SK,넥센,문학,6948
1236,2018/08/04,토,한화,NC,대전,12154
1237,2018/08/04,토,KIA,두산,광주,12219
1238,2018/08/04,토,LG,SK,잠실,12070
1239,2018/08/04,토,롯데,삼성,사직,21694
1240,2018/08/04,토,KT,넥센,수원,7073
1241,2018/08/05,일,한화,NC,대전,8618
1242,2018/08/05,일,KIA,두산,광주,8281
1243,2018/08/05,일,LG,SK,잠실,8689
1244,2018/08/05,일,롯데,삼성,사직,10813
1245,2018/08/05,일,KT,넥센,수원,5249
1246,2018/08/07,화,두산,한화,잠실,13184
1247,2018/08/07,화,넥센,KIA,고척,10520
1248,2018/08/07,화,NC,KT,마산,4936
1249,2018/08/07,화,롯데,LG,울산,6036
1250,2018/08/07,화,SK,삼성,문학,7135
1251,2018/08/08,수,두산,한화,잠실,14047
1252,2018/08/08,수,넥센,KIA,고척,10312
1253,2018/08/08,수,NC,KT,마산,4382
1254,2018/08/08,수,롯데,LG,울산,12038
1255,2018/08/08,수,SK,삼성,문학,7160
1256,2018/08/09,목,KIA,롯데,광주,6026
1257,2018/08/09,목,KT,두산,수원,6566
1258,2018/08/09,목,NC,SK,마산,4315
1259,2018/08/09,목,LG,삼성,잠실,10007
1260,2018/08/09,목,한화,넥센,청주,9485
1261,2018/08/10,금,KT,두산,수원,8117
1262,2018/08/10,금,NC,SK,마산,5867
1263,2018/08/10,금,LG,삼성,잠실,12706
1264,2018/08/10,금,한화,넥센,청주,9813
1265,2018/08/11,토,SK,KIA,문학,24379
1266,2018/08/11,토,한화,KT,대전,11528
1267,2018/08/11,토,넥센,LG,고척,12771
1268,2018/08/11,토,두산,롯데,잠실,18426
1269,2018/08/11,토,삼성,NC,대구,18533
1270,2018/08/12,일,SK,KIA,문학,18378
1271,2018/08/12,일,한화,KT,대전,9827
1272,2018/08/12,일,넥센,LG,고척,9279
1273,2018/08/12,일,두산,롯데,잠실,14175
1274,2018/08/12,일,삼성,NC,대구,12603
1275,2018/08/14,화,롯데,한화,사직,16346
1276,2018/08/14,화,KIA,LG,광주,10131
1277,2018/08/14,화,KT,NC,수원,4364
1278,2018/08/14,화,두산,SK,잠실,11132
1279,2018/08/14,화,삼성,넥센,대구,11146
1280,2018/08/15,수,KIA,LG,광주,11520
1281,2018/08/15,수,KT,NC,수원,6752
1282,2018/08/15,수,두산,SK,잠실,12244
1283,2018/08/15,수,삼성,넥센,대구,12048
1284,2018/08/16,목,삼성,한화,대구,6809
1285,2018/08/16,목,롯데,KIA,사직,10800
1286,2018/08/16,목,SK,LG,문학,8388
1287,2018/08/16,목,KT,NC,수원,3359
1288,2018/08/16,목,두산,넥센,잠실,9168
1289,2018/09/04,화,두산,KIA,잠실,14603
1290,2018/09/04,화,KT,LG,수원,4287
1291,2018/09/04,화,한화,롯데,대전,7285
1292,2018/09/04,화,NC,삼성,마산,4258
1293,2018/09/04,화,SK,넥센,문학,5002
1294,2018/09/05,수,두산,KIA,잠실,17191
1295,2018/09/05,수,KT,LG,수원,4251
1296,2018/09/05,수,한화,롯데,대전,7911
1297,2018/09/05,수,NC,삼성,마산,5132
1298,2018/09/05,수,SK,넥센,문학,5241
1299,2018/09/06,목,KT,한화,수원,7268
1300,2018/09/06,목,LG,NC,잠실,6944
1301,2018/09/06,목,삼성,두산,대구,6517
1302,2018/09/06,목,롯데,SK,울산,4668
1303,2018/09/06,목,KIA,넥센,광주,6397
1304,2018/09/07,금,KT,한화,수원,9936
1305,2018/09/07,금,LG,NC,잠실,7917
1306,2018/09/07,금,삼성,두산,대구,11078
1307,2018/09/07,금,롯데,SK,울산,4240
1308,2018/09/07,금,KIA,넥센,광주,6771
1309,2018/09/08,토,LG,한화,잠실,22908
1310,2018/09/08,토,넥센,KT,고척,3093
1311,2018/09/08,토,NC,롯데,마산,8637
1312,2018/09/08,토,SK,두산,문학,24084
1313,2018/09/08,토,KIA,삼성,광주,13796
1314,2018/09/09,일,LG,한화,잠실,19286
1315,2018/09/09,일,넥센,KT,고척,2473
1316,2018/09/09,일,NC,롯데,마산,8091
1317,2018/09/09,일,SK,두산,문학,20498
1318,2018/09/09,일,KIA,삼성,광주,11352
1319,2018/09/11,화,삼성,한화,대구,6141
1320,2018/09/11,화,NC,KIA,마산,4077
1321,2018/09/11,화,SK,KT,문학,4993
1322,2018/09/11,화,롯데,두산,사직,8990
1323,2018/09/11,화,LG,넥센,잠실,8386
1324,2018/09/12,수,삼성,한화,대구,8679
1325,2018/09/12,수,NC,KIA,마산,4086
1326,2018/09/12,수,SK,KT,문학,4254
1327,2018/09/12,수,롯데,두산,사직,7021
1328,2018/09/12,수,LG,넥센,잠실,8463
1329,2018/09/13,목,두산,KT,잠실,9214
1330,2018/09/13,목,삼성,LG,대구,8104
1331,2018/09/13,목,한화,SK,청주,9454
1332,2018/09/14,금,롯데,KIA,사직,5231
1333,2018/09/14,금,두산,KT,잠실,10124
1334,2018/09/14,금,삼성,LG,대구,5528
1335,2018/09/14,금,한화,SK,청주,8381
1336,2018/09/14,금,NC,넥센,마산,3107
1337,2018/09/15,토,한화,LG,대전,12715
1338,2018/09/15,토,두산,NC,잠실,16558
1339,2018/09/15,토,KIA,SK,광주,11480
1340,2018/09/15,토,KT,삼성,수원,11724
1341,2018/09/15,토,롯데,넥센,사직,25000
1342,2018/09/16,일,한화,LG,대전,12012
1343,2018/09/16,일,두산,NC,잠실,13214
1344,2018/09/16,일,KIA,SK,광주,8306
1345,2018/09/16,일,KT,삼성,수원,12100
1346,2018/09/16,일,롯데,넥센,사직,9061
1347,2018/09/18,화,NC,한화,마산,4434
1348,2018/09/18,화,삼성,KIA,대구,5733
1349,2018/09/18,화,LG,롯데,잠실,11101
1350,2018/09/18,화,넥센,두산,고척,4743
1351,2018/09/18,화,KT,SK,수원,4050
1352,2018/09/19,수,NC,한화,마산,4556
1353,2018/09/19,수,삼성,KIA,대구,9067
1354,2018/09/19,수,LG,롯데,잠실,10126
1355,2018/09/19,수,넥센,두산,고척,4470
1356,2018/09/19,수,KT,SK,수원,3910
1357,2018/09/20,목,SK,한화,문학,12160
1358,2018/09/20,목,롯데,KT,사직,3709
1359,2018/09/20,목,KIA,NC,광주,8293
1360,2018/09/20,목,LG,두산,잠실,12019
1361,2018/09/20,목,넥센,삼성,고척,2793
1362,2018/09/21,금,SK,한화,문학,17156
1363,2018/09/21,금,KIA,NC,광주,10114
1364,2018/09/21,금,LG,두산,잠실,17031
1365,2018/09/21,금,넥센,삼성,고척,3013
1366,2018/09/22,토,한화,KIA,대전,13000
1367,2018/09/22,토,LG,KT,잠실,13314
1368,2018/09/22,토,삼성,롯데,대구,18461
1369,2018/09/22,토,NC,두산,마산,8182
1370,2018/09/22,토,넥센,SK,고척,5426
1371,2018/09/23,일,한화,KIA,대전,10120
1372,2018/09/23,일,LG,KT,잠실,9444
1373,2018/09/23,일,삼성,롯데,대구,12835
1374,2018/09/23,일,NC,두산,마산,6035
1375,2018/09/23,일,넥센,SK,고척,3549
1376,2018/09/25,화,KT,KIA,수원,20006
1377,2018/09/25,화,SK,LG,문학,22655
1378,2018/09/25,화,롯데,NC,사직,13850
1379,2018/09/25,화,한화,삼성,대전,13000
1380,2018/09/25,화,두산,넥센,잠실,24553
1381,2018/09/26,수,KT,KIA,수원,20226
1382,2018/09/26,수,SK,LG,문학,19974
1383,2018/09/26,수,롯데,NC,사직,10253
1384,2018/09/26,수,한화,삼성,대전,11637
1385,2018/09/26,수,두산,넥센,잠실,15232
1386,2018/09/27,목,LG,KIA,잠실,17937
1387,2018/09/27,목,삼성,KT,대구,5792
1388,2018/09/27,목,넥센,롯데,고척,3383
1389,2018/09/27,목,SK,NC,문학,7398
1390,2018/09/27,목,한화,두산,대전,8109
1391,2018/09/28,금,LG,KIA,잠실,21766
1392,2018/09/28,금,삼성,KT,대구,9683
1393,2018/09/28,금,넥센,롯데,고척,3659
1394,2018/09/28,금,SK,NC,문학,6746
1395,2018/09/28,금,한화,두산,대전,10705
1396,2018/09/29,토,KIA,한화,광주,17812
1397,2018/09/29,토,두산,LG,잠실,24183
1398,2018/09/29,토,KT,롯데,수원,14290
1399,2018/09/29,토,넥센,NC,고척,3603
1400,2018/09/29,토,삼성,SK,대구,18220
1401,2018/09/30,일,KIA,한화,광주,16137
1402,2018/09/30,일,두산,LG,잠실,19274
1403,2018/09/30,일,KT,롯데,수원,11983
1404,2018/09/30,일,넥센,NC,고척,4542
1405,2018/09/30,일,삼성,SK,대구,14651
1406,2018/10/02,화,LG,KT,잠실,5512
1407,2018/10/02,화,SK,롯데,문학,13782
1408,2018/10/02,화,KIA,NC,광주,8886
1409,2018/10/03,수,삼성,KIA,대구,19432
1410,2018/10/03,수,LG,KT,잠실,11896
1411,2018/10/03,수,한화,롯데,대전,13000
1412,2018/10/04,목,SK,KIA,문학,13556
1413,2018/10/04,목,한화,롯데,대전,9555
1414,2018/10/06,토,롯데,한화,사직,9449
1415,2018/10/06,토,SK,KIA,문학,9241
1416,2018/10/06,토,SK,KIA,문학,22002
1417,2018/10/06,토,두산,LG,잠실,19891
1418,2018/10/06,토,KT,삼성,수원,8291
1419,2018/10/06,토,NC,넥센,마산,5297
1420,2018/10/07,일,두산,KIA,잠실,25000
1421,2018/10/07,일,NC,롯데,마산,11000
1422,2018/10/09,화,KT,한화,수원,20512
1423,2018/10/09,화,롯데,KIA,사직,25000
1424,2018/10/09,화,SK,삼성,문학,22031
1425,2018/10/10,수,KIA,한화,광주,6133
1426,2018/10/10,수,롯데,KT,사직,4793
1427,2018/10/10,수,롯데,KT,사직,11528
1428,2018/10/10,수,두산,SK,잠실,11126
1429,2018/10/11,목,KIA,롯데,광주,7745
1430,2018/10/11,목,두산,SK,잠실,10987
1431,2018/10/12,금,KIA,롯데,광주,12318
1432,2018/10/12,금,두산,NC,잠실,10914
1433,2018/10/12,금,KT,넥센,수원,10268
1434,2018/10/13,토,두산,KT,잠실,18528
1435,2018/10/13,토,SK,LG,문학,22399
1436,2018/10/13,토,KIA,롯데,광주,15640
1437,2018/10/13,토,한화,NC,대전,13000
1438,2018/10/13,토,삼성,넥센,대구,24000
1439,2018/10/14,일,롯데,두산,사직,6414
